;Sec;Wind;Rpm;Lambda;Cp;Power;Torque;LoadTorque;JTorque;
0;0;5;8,21672408602944;0,02094395;0,0187636424521472;4,3031827583524;41,0923704301472;0,005;0;
10;1;5;12,5800480747519;0,255641709651172;0,0111;2,5456319976;1,99156233235458;0,121742194449309;0,0607122288384352;
20;2;5;15,7996229928295;0,32486073398787;0,0111;2,5456319976;1,56721433603302;0,123866042363748;0,0463112511262139;
30;3;5;18,4096016127965;0,380507158098102;0,0111;2,5456319976;1,3380205567348;0,129403895472784;0,0385644983919794;
40;4;5;20,6474000334613;0,428024062331658;0,0111;2,5456319976;1,18948078934287;0,135702985453861;0,0335197625346744;
50;5;5;22,6259886047833;0,469934550947062;0,0111;2,5456319976;1,08339852537753;0,142072193994818;0,029883578440669;
60;6;5;24,4098709961533;0,507659362690995;0,0111;2,5456319976;1,00288980552083;0,148287939950258;0,0270931885564198;
70;7;5;26,0400978663471;0,542094679649189;0,0111;2,5456319976;0,939183538656892;0,154274256257145;0,0248586780951481;
80;8;5;27,5447661607359;0,57385010261885;0,0111;2,5456319976;0,88721148118041;0,160009898095213;0,0230132707591924;
90;9;5;28,9441425420036;0,603363333506664;0,0111;2,5456319976;0,843813952964341;0,165495609624397;0,0214532170703028;
100;10;5;30,3178134002098;0,63203745413599;0,0120441224780143;2,76215347414834;0,874047402119315;0,172811344243101;0,0219235092988832;
110;11;5;31,7604173720738;0,662094237262204;0,0132783568692127;3,04520811908284;0,91987150701536;0,181143776885713;0,0230804131787226;
120;12;5;33,2854489651464;0,693848835936844;0,014720835216317;3,37602064486968;0,973128574990352;0,190094668521013;0,024450452425949;
130;13;5;34,9069131266098;0,727593076080202;0,0164064193818039;3,76258613913195;1,03425561974897;0,199744579772994;0,0260445193545433;
140;14;5;36,6396259891529;0,763635412741373;0,0183766726802757;4,214436575165;1,1037823822328;0,210180809687357;0,0278762747879293;
150;15;5;38,4993626814573;0,802304117589242;0,020680811277093;4,74285900209865;1,18230952530817;0,221497470685198;0,029961462055202;
160;16;5;40,5029610284308;0,843949545369507;0,0233767263653556;5,36112996709809;1,27048589492416;0,23379532599144;0,0323172033427741;
170;17;5;42,6683772312511;0,888945406779155;0,0265320231272224;6,08475378682168;1,36898255852811;0,2471813049399;0,0349612111230324;
180;18;5;45,0146857417198;0,937688892000222;0,0302249949177587;6,93168596305801;1,47846178454173;0,261767602920793;0,0379108586103301;
190;19;5;47,5620125011575;0,990599423689678;0,0345454145993947;7,92251466437633;1,59953952625319;0,277670269756533;0,0411820658385329;
200;20;5;50,3313885202077;1,04811577035609;0,0395949799497462;9,08056287427066;1,73274043404302;0,295007192947155;0,0447879720370388;
210;21;5;53,3445096368935;1,11069122470676;0,0454871987389041;10,4318620352202;1,8784450265148;0,313895394097777;0,048737383143119;
220;22;5;56,6233885472062;1,17878655362474;0,0523464463472051;12,004935926315;2,03682946491037;0,334447581459371;0,0530330074117966;
230;23;5;60,1898872817652;1,25286046574043;0,0603058833985675;13,8303231011647;2,20779942848481;0,356767942003317;0,0576695231901438;
240;24;5;64,0651226476009;1,33335742843744;0,0695038961358782;15,9397605370593;2,39092087344337;0,380947214869683;0,0626315608413255;
250;25;5;68,2687441337488;1,42069280654533;0,0800787360815139;18,3649543149971;2,58535191145998;0,407057164483312;0,0678917237366212;
260;26;5;72,8180935628475;1,51523549402422;0,0921611089736938;21,1358799943906;2,78978153267214;0,435144663236359;0,0734088173180343;
270;27;5;77,7272681865382;1,61728846489516;0,105864616637126;24,2785905878492;3,00238221131727;0,465225693552643;0,0791264942862302;
280;28;5;83,0061233132104;1,72706796789421;0,121274203229707;27,812566867116;3,22078428691228;0,497279676018195;0,0849725496417921;
290;29;5;88,6592656728336;1,84468240595415;0,138433097956298;31,7477228544547;3,44208008402763;0,531244608450483;0,0908591019070304;
300;30;5;94,6851027015748;1,97011223884306;0,157329154430298;36,0812729435241;3,66286470711057;0,567013541877998;0,0966838669974095;
310;31;5;101,075023409719;2,10319247653149;0,177881906384772;40,7947633051498;3,87931810905173;0,604432905210204;0,102332662292443;
320;32;5;107,812790923199;2,24359943859068;0,199932004338046;45,851649332183;4,08732936401381;0,643303107215924;0,107683169575058;
330;33;5;114,874222880479;2,39084339225751;0,223234863526446;51,1958388804315;4,28265933655243;0,683381688002645;0,112609844043529;
340;34;5;122,227222201466;2,54426841660498;0,247460240688535;56,7515952099579;4,46113270436191;0,724389071657627;0,11698969937948;
350;35;5;129,832197323762;2,70306036912083;0,272199004826868;62,4250897659596;4,6188454005016;0,766016711240655;0,120708550860011;
360;36;5;137,64287960264;2,86626318731321;0,296977583425387;68,1077152196025;4,75236995130553;0,807937153783969;0,123667188635751;
370;37;5;145,607509735375;3,03280301248717;0,32127954707557;73,6810356045051;4,85893975316783;0,849815329435068;0,125786907745949;
380;38;5;153,670329621657;3,20151887462853;0,344572718419733;79,0230033792152;4,93659456487722;0,891320225156541;0,127013856341555;
390;39;5;161,773286231217;3,37119803591651;0,366339275082198;84,0148631195343;4,98427337845157;0,932136066092;0,127321779408613;
400;40;5;169,85783434896;3,54061365313345;0,386105765174568;88,5480351609199;5,0018467890477;0,97197220322658;0,126712915190311;
410;41;5;177,866718360955;3,70856225017707;0,403469897671588;92,5302596019091;4,99008798342221;1,0105710787668;0,12521701466307;
420;42;5;185,745620111745;3,87389860815746;0,418121424046769;95,8903852194173;4,95058827907866;1,04771387746333;0,122888663461799;
430;43;5;193,444578573157;4,03556605044809;0,42985528967232;98,5813855610337;4,88562864929879;1,08322373061283;0,119803255858043;
440;44;5;200,919114084618;4,19262065260178;0,438576315773243;100,581432686657;4,79802209743157;1,11696657863987;0,116052077649897;
450;45;5;208,13102079335;4,34424854982181;0,444295757278158;101,893107759027;4,69094282200804;1,14884998669708;0,111736989907595;
460;46;5;215,048821213319;4,48977615406918;0,447120978384309;102,541033276875;4,56775704436579;1,17882032883714;0,106965173990705;
470;47;5;221,647902938626;4,62867365127332;0,447240074280112;102,56834627896;4,43186770148481;1,2068588079871;0,101844316624845;
480;48;5;227,91037719176;4,76055257542267;0,444903505914311;102,032486531522;4,28658164845339;1,23297677079728;0,0964785038937936;
490;49;5;233,824711159858;4,88515852886803;0,440404740158269;101,000756616361;4,13500425910494;1,25721072476905;0,0909649762669655;
500;50;5;239,385191276676;5,00236024112403;0,434061583282695;99,5460410210221;3,97996290641612;1,27961738805619;0,0853917904196297;
510;51;5;244,591273886322;5,11213615435522;0,426199462498165;97,7429719905632;3,82395808872549;1,3002690162686;0,0798363485160429;
520;52;5;249,446874648712;5,21455962496375;0,41713744255037;95,6647226264193;3,66913908390046;1,31924916781191;0,0743646964099618;
530;53;5;253,959640262545;5,3097836718608;0,407177333744632;93,3805089619631;3,51729994036605;1,33664899754663;0,0690314583859646;
540;54;5;258,140237059586;5,39802601442795;0,396595898068512;90,9538025441542;3,369891226943;1,35256411152771;0,0638802638227798;
550;55;5;262,001681920085;5,47955495179814;0,385639909115196;88,4411974950629;3,22804309010682;1,36709197387781;0,0589445251400704;
560;56;5;265,558732573943;5,554676457411;0,37452366740546;85,8918406852107;3,09259562978199;1,3803298290561;0,0542484410154049;
570;57;5;268,827347155569;5,62372270931196;0,363428501335903;83,347317282927;2,96413324735651;1,39237308649891;0,0498081192143314;
580;58;5;271,824217073367;5,68704215207107;0,352503775655417;80,8418820345263;2,84302032138397;1,40331410712147;0,0456327356344595;
590;59;5;274,566372843053;5,74499109095581;0,34186896377778;78,4029345206372;2,72943624382864;1,41324132993318;0,0417256676641689;
600;60;5;277,070859398402;5,79792675080864;0,331616399473055;76,0516502186949;2,62340845227436;1,42223867987315;0,0380855590891933;
610;61;5;279,354475347215;5,84620168714479;0,321814393462333;73,8036952509866;2,52484259697278;1,4303852032299;0,0347072897644836;
620;62;5;281,433569473864;5,89015941091447;0,312510471172244;71,6699689190195;2,43354938021593;1,4377548834336;0,0315828359176145;
630;63;5;283,323887296969;5,93013107682366;0,303734553053859;69,6573330658232;2,34926790532709;1,44441659675447;0,0287020164523639;
640;64;5;285,040460486872;5,96643308416056;0,295501955030534;67,7693001873049;2,27168558605697;1,45043417396578;0,0260531273722346;
650;65;5;286,597532277361;5,99936544540946;0,287816132535876;66,0066627395322;2,20045480943451;1,45586654002325;0,0236234709246652;
660;66;5;288,008512544993;6,02921078888301;0,280671127368953;64,3680542912496;2,13520663135331;1,46076790912253;0,0213997887624675;
670;67;5;289,285956882474;6,05623387511587;0,274053703189801;62,850439270336;2,07556182823714;1,4651880170741;0,0193686097713002;
680;68;5;290,441564690249;6,08068152133468;0,267945174265457;61,4495323615005;2,02113964186082;1,46917237680315;0,0175165236009835;
690;69;5;291,486192004397;6,10278284289583;0,262322944528488;60,1601514681413;1,97156454741538;1,47276254599169;0,0158303906685973;
700;70;5;292,429875437574;6,12274973447221;0,257161781534107;58,9765098768507;1,92647135468569;1,47599639851038;0,0142974987154023;
710;71;5;293,281864213969;6,14077752655163;0,252434853744294;57,8924541442298;1,88550892436383;1,47890839341272;0,0129056750736183;
720;72;5;294,050657819628;6,15704576426503;0,248114560772477;56,9016545020619;1,84834275009987;1,48152983696402;0,011643362763829;
730;73;5;294,74404726273;6,17171906561537;0,244173185628882;55,9977544407935;1,8146566246923;1,48388913452237;0,0104996674888422;
740;74;5;295,369158345848;6,18494802484591;0,240583396263509;55,1744857315017;1,78415357768108;1,48601203014024;0,0094643815720552;
750;75;5;295,932495697811;6,19687013404948;0,237318621295527;54,4257545942531;1,75655624264914;1,48792183256971;0,0085279899446391;
760;76;5;296,439986602048;6,20761070229064;0,234353322094103;53,7457040960907;1,73160678636817;1,48963962697544;0,00768166243421398;
770;77;5;296,897023897445;6,21728375662077;0,231663180578348;53,128757220363;1,70906650878806;1,49118447212752;0,00691723585624082;
780;78;5;297,308507423248;6,22599291354551;0,2292252193926;52,5696444272687;1,68871520277179;1,49257358319228;0,00622718875724892;
790;79;5;297,678883637379;6,23383221288385;0,227017868585819;52,0634189458569;1,67035034527411;1,49382250048824;0,00560461110160126;
800;80;5;298,012183163644;6,24088690865983;0,225020990633845;51,6054625125374;1,65378617711947;1,49494524474924;0,0050431707231251;
810;81;5;298,31205612261;6,24723421380013;0,223215873613377;51,1914838056261;1,63885271637629;1,49595445955258;0,00453707796979863;
820;82;5;298,58180517815;6,25294399706978;0,221585200568258;50,8175114199253;1,6253947402612;1,49686154164171;0,00408104964526679;
830;83;5;298,824416290676;6,25807943194931;0,22011300159061;50,4798828771926;1,61327076225585;1,49767675991039;0,00367027308500667;
840;84;5;299,042587212257;6,26269759811038;0,218784593852011;50,1752308731171;1,60235202441377;1,49840936382744;0,00330037098932223;
850;85;5;299,238753791107;6,26685003684514;0,21758651374006;49,9004677137773;1,5925215194362;1,49906768207467;0,00296736746229698;
860;86;5;299,415114175658;6,27058326229908;0,216506444358677;49,6527686888335;1,58367305278803;1,49965921215066;0,00266765556771453;
870;87;5;299,573651023604;6,27393923068877;0,215533140912034;49,4295549593607;1,57571035172217;1,50019070166376;0,00239796660452107;
880;88;5;299,71615183062;6,27695576989216;0,214656355889394;49,228476400023;1,56854622542191;1,5006682220021;0,00215534121978322;
890;89;5;299,844227498176;6,27966697190615;0,213866765480445;49,0473947234446;1,56210177841825;1,50109723502942;0,00193710241208578;
900;90;5;299,959329261155;6,28210355069969;0,213155898259464;48,8843671249066;1,55630567787957;1,50148265341376;0,00174083042915285;
910;91;5;300,062764094663;6,28429316796754;0,212516066865438;48,7376306141225;1,55109347420484;1,50182889515489;0,00156433952724377;
920;92;5;300,155708716217;6,28626072922621;0,211940303160332;48,6055871446833;1,54640697350351;1,50213993283421;0,00140565653336822;
930;93;5;300,239222294958;6,28802865260111;0,2114222971567;48,4867896079451;1,54219365994422;1,50241933807098;0,00126300113332078;
940;94;5;300,314257974124;6,28961711254139;0,21095633985905;48,3799287244846;1,5384061655523;1,50267032162955;0,00113476779625188;
950;95;5;300,381673306997;6,29104426057487;0,21053727005198;48,2838208406912;1,53500178478411;1,50289576958581;0,00101950923977157;
960;96;5;300,442239700284;6,29232642508379;0,210160424985326;48,1973966190866;1,53194203107302;1,50309827592577;0,000915921335591818;
970;97;5;300,4966509525;6,29347829194899;0,20982159484642;48,1196905971632;1,52919223249632;1,50328017191749;0,000822829355797694;
980;98;5;300,545530968569;6,29451306777661;0,20951698086738;48,0498315798694;1,52672116373386;1,50344355256603;0,000739175460322983;
990;99;5;300,589440725706;6,29544262729214;0,209243156887164;47,9870338243965;1,52450071155798;1,50359030043452;0,000664007330271943;
1000;100;5;300,628884559683;6,29627764636135;0,208997034170856;47,9305889719668;1,5225055711978;1,50372210708738;0,000596467854728999;
1010;101;5;300,664315834905;6,2970277219781;0,208775829279762;47,8798586792825;1,5207129710473;1,50384049238836;0,000535785783803533;
1020;102;5;300,696142056404;6,29770148044683;0,208577034783163;47,8342679016711;1,51910242332659;1,5039468218644;0,000481267265852736;
1030;103;5;300,724729476811;6,29830667488124;0,208398392604756;47,7932987804571;1,51765549845533;1,50404232232601;0,000432288191749564;
1040;104;5;300,750407246698;6,29885027304231;0,208237869802125;47,7564850883199;1,51635562104745;1,50412809591682;0,000388287274631693;
1050;105;5;300,77347115235;6,29933853644703;0,208093636585525;47,7234071882034;1,51518788558776;1,50420513274822;0,000348759798747267;
1060;106;5;300,794186981008;6,29977709159458;0,207964046391643;47,6936874635079;1,51413888999796;1,50427432226023;0,000313251976310269;
1070;107;5;300,812793549919;6,30017099407852;0,207847617838398;47,6669861796724;1,51319658544107;1,50433646343537;0,000281355855728194;
1080;108;5;300,829505432155;6,30052478628224;0,207743018397841;47,6429977397793;1,51235014084889;1,50439227398072;0,000252704729872377;
1090;109;5;300,844515409053;6,30084254928876;0,207649049635268;47,6214472993485;1,51158982078433;1,50444239858126;0,000226968996877019;
1100;110;5;300,857996676263;6,30112794957642;0,207564633873743;47,6020877080296;1,51090687537077;1,50448741631787;0,000203852430344043;
1110;111;5;300,87010482786;6,30138428101713;0,207488802153935;47,5846967483562;1,51029344113181;1,50452784733398;0,000183088819678545;
1120;112;5;300,880979640551;6,30161450264399;0,207420683369525;47,569074644101;1,50974245168892;1,50456415882673;0,000164438944860734;
1130;113;5;300,89074667792;6,30182127260982;0,207359494468321;47,5550418130376;1,5092475573603;1,50459677043025;0,000147687852747325;
1140;114;5;300,899518732684;6,30200697871712;0,207304531618451;47,5424368410278;1,50880305279211;1,50462605905307;0,000132642405986871;
1150;115;5;300,907397123184;6,30217376586264;0,207255162247757;47,5311146563666;1,50840381183493;1,50465236322432;0,000119129077317481;
1160;116;5;300,914472858714;6,30232356070589;0,207210817872652;47,5209448851792;1,50804522895224;1,50467598699864;0,000106991965255432;
1170;117;5;300,920827686891;6,3024580938405;0,207170987640149;47,5118103703746;1,50772316651526;1,50469720346429;9,60910092615563E-05;
1180;118;5;300,926535034908;6,30257891971968;0,207135212513841;47,5036058382801;1,50743390740097;1,50471625789498;8,63003846518495E-05;
1190;119;5;300,93166085538;6,30268743456193;0,207103080040901;47,4962366985253;1,50717411236582;1,50473337058109;7,75070591814142E-05;
1200;120;5;300,936264386402;6,30278489244083;0,207074219643158;47,4896179641146;1,50694078171923;1,50474873937311;6,96094953092086E-05;
1210;121;5;300,940398834472;6,30287241974213;0,20704829838059;47,4836732798434;1,50673122086727;1,50476254196644;6,25164836325354E-05;
1220;122;5;300,944111988095;6,30295102815324;0,207025017140544;47,4783340483474;1,50654300933887;1,50477493795371;5,61460941899128E-05;
1230;123;5;300,947446769054;6,30302162633355;0,207004107210484;47,4735386441106;1,5063739729456;1,50478607066827;5,04247338657393E-05;
1240;124;5;300,950441727689;6,30308503039911;0,206985327196081;47,4692317066711;1,50622215875978;1,50479606884016;4,52862993505221E-05;
1250;125;5;300,953131487828;6,30314197334175;0,206968460250244;47,4653635051374;1,50608581262759;1,50480504808348;4,06714158192045E-05;
1260;126;5;300,955547146493;6,30319311349071;0,206953311581998;47,4618893668844;1,50596335896172;1,50481311223235;3,6526752843713E-05;
1270;127;5;300,957716632957;6,30323904211387;0,20693970621718;47,4587691639997;1,50585338258356;1,50482035454089;3,28044097379632E-05;
1280;128;5;300,95966503129;6,30328029024585;0,206927486985703;47,4559668516905;1,50575461240799;1,50482685876102;2,94613632423335E-05;
1290;129;5;300,961414870078;6,3033173348215;0,206916512712601;47,4534500534237;1,50566590678454;1,50483270011051;2,64589713019348E-05;
1300;130;5;300,962986382678;6,30335060418532;0,206906656592362;47,4511896881038;1,50558624032739;1,50483794614238;2,37625272205833E-05;
1310;131;5;300,964397740974;6,30338048304021;0,206897804728067;47,4491596350418;1,50551469208333;1,50484265752589;2,13408592131259E-05;
1320;132;5;300,965665265353;6,30340731689252;0,206889854818711;47,4473364329127;1,50545043490235;1,50484688874786;1,91659705119918E-05;
1330;133;5;300,966803613297;6,30343141604464;0,206882714979744;47,4456990092611;1,50539272588875;1,50485068874262;1,72127162176849E-05;
1340;134;5;300,967825948776;6,30345305918109;0,206876302683349;47,4442284374699;1,50534089782319;1,50485410145779;1,5458512912403E-05;
1350;135;5;300,9687440944;6,30347249658944;0,206870543806379;47,4429077184173;1,50529435145745;1,50485716636234;1,38830778020349E-05;
1360;136;5;300,969568668068;6,30348995305337;0,206865371775001;47,441721584312;1,50525254859276;1,50485991890304;1,24681945141702E-05;
1370;137;5;300,970309205708;6,30350563045093;0,206860726796292;47,4406563224713;1,50521500586262;1,50486239091426;1,11975025784972E-05;
1380;138;5;300,970974271512;6,30351971008833;0,20685655516795;47,4396996170129;1,50518128914832;1,50486461098612;1,00563084366456E-05;
1390;139;5;300,971571556944;6,30353235479596;0,206852808658205;47,4388404066447;1,50515100856273;1,50486660479508;9,03141566332977E-06;
1400;140;5;300,972107969667;6,30354371081087;0,206849443948787;47,4380687569189;1,50512381394486;1,50486839540084;8,11097243236247E-06;
1410;141;5;300,972589713401;6,30355390946756;0,206846422134591;47,4373757454858;1,5050993908131;1,504870003513;7,28433453289767E-06;
1420;142;5;300,973022359661;6,30356306871651;0,206843708274225;47,4367533590187;1,50507745673043;1,50487144773061;6,54194242244444E-06;
1430;143;5;300,973410912169;6,30357129448795;0,206841270986317;47,4361944006326;1,50505775803987;1,50487274475722;5,87521065931185E-06;
1440;144;5;300,973759864722;6,30357868191677;0,206839082086904;47,4356924067239;1,50504006693226;1,50487390959402;5,27642865399969E-06;
1450;145;5;300,974073253144;6,30358531644258;0,20683711626374;47,4352415722781;1,50502417881283;1,50487495571338;4,73867156713936E-06;
1460;146;5;300,974354701966;6,30359127479768;0,20683535078376;47,4348366837801;1,50500990993591;1,5048758952146;4,25572021356402E-06;
1470;147;5;300,974607466331;6,3035966258944;0,206833765230327;47,4344730589555;1,50499709528051;1,50487673896388;3,82198919446353E-06;
1480;148;5;300,974834469643;6,30360143162204;0,206832341267243;47,4341464926502;1,50498558664247;1,50487749672003;3,43246231970795E-06;
1490;149;5;300,975038337369;6,3036057475625;0,206831062426793;47,4338532082204;1,50497525092086;1,5048781772472;3,08263455828239E-06;
1500;150;5;300,975221427405;6,30360962363313;0,206829913919363;47,4335898138725;1,50496596857893;1,50487878841643;2,76846003721687E-06;
1510;151;5;300,975385857344;6,30361310466397;0,206828882462474;47,4333532634526;1,50495763226196;1,50487933729645;2,48630512444947E-06;
1520;152;5;300,975533528962;6,3036162309162;0,20682795612721;47,4331408212284;1,50495014555587;1,50487983023567;2,23290655831931E-06;
1530;153;5;300,975666150218;6,30361903854779;0,206827124200293;47,4329500302573;1,5049434218723;1,50488027293544;2,00533362715305E-06;
1540;154;5;300,975785255001;6,30362156003163;0,206826377060218;47,4327786839797;1,50493738344729;1,50488067051606;1,8009542923636E-06;
1550;155;5;300,975892220873;6,30362382453111;0,206825706066007;47,4326248007063;1,50493196044212;1,50488102757598;1,61740475412842E-06;
1560;156;5;300,975988285;6,30362585823742;0,20682510345728;47,4324866007012;1,50492709013552;1,50488134824498;1,45256211325773E-06;
1570;157;5;300,976074558462;6,30362768467242;0,206824562264533;47,4323624856044;1,50492271619844;1,50488163623195;1,30451982549573E-06;
1580;158;5;300,976152039099;6,30362932496069;0,206824076228533;47,4322510199472;1,50491878804257;1,5048818948678;1,17156567647214E-06;
1590;159;5;300,976221623056;6,30363079807389;0,20682363972794;47,4321509145531;1,5049152602353;1,5048821271439;1,05216189361101E-06;
1600;160;5;300,976284115145;6,30363212105012;0,206823247714306;47,4320610116297;1,5049120919743;1,50488233574683;9,44927490920122E-07;
1610;161;5;300,976340238153;6,30363330919102;0,20682289565369;47,4319802713801;1,50490924661566;1,50488252308928;8,48622185856129E-07;
1620;162;5;300,976390641205;6,30363437623873;0,20682257947422;47,4319077599769;1,50490669125003;1,5048826913381;7,62132117415604E-07;
1630;163;5;300,976435907266;6,30363533453481;0,20682229551901;47,4318426387635;1,50490439632209;1,50488284243927;6,84456933797151E-07;
1640;164;5;300,976476559889;6,30363619516301;0,206822040503866;47,4317841545553;1,50490233528868;1,50488297814046;6,14698265621882E-07;
1650;165;5;300,976513069266;6,30363696807747;0,2068218114793;47,4317316309281;1,50490048431181;1,5048831000112;5,52049270297061E-07;
1660;166;5;300,976545857669;6,30363766221779;0,206821605796429;47,4316844603966;1,50489882198302;1,50488320946108;4,95785343446187E-07;
1670;167;5;300,976575304333;6,3036382856125;0,206821421076328;47,4316420973878;1,5048973290757;1,50488330775599;4,45255725622928E-07;
1680;168;5;300,976601749841;6,30363884547184;0,206821255182527;47,4316040519312;1,50489598832278;1,50488339603284;3,99875993650767E-07;
1690;169;5;300,976625500067;6,30363934827125;0,206821106196297;47,431569883993;1,50489478421702;1,50488347531266;3,59121292703435E-07;
1700;170;5;300,976646829709;6,30363979982616;0,206820972394456;47,4315391983851;1,5048937028316;1,5048835465124;3,22520229190104E-07;
1710;171;5;300,976665985468;6,30364020535933;0,206820852229447;47,4315116401965;1,5048927316591;1,50488361045557;2,89649488394161E-07;
1720;172;5;300,976683188903;6,3036405695612;0,206820744311434;47,4314868906877;1,50489185946684;1,50488366788177;2,60128883766697E-07;
1730;173;5;300,976698638991;6,30364089664421;0,206820647392231;47,4314646636046;1,50489107616695;1,50488371945516;2,33616955114258E-07;
1740;174;5;300,976712514431;6,30364119039143;0,206820560350858;47,4314447018654;1,50489037269966;1,50488376577229;2,09807099693649E-07;
1750;175;5;300,976724975708;6,30364145420041;0,206820482180592;47,4314267745925;1,50488974092861;1,50488380736883;1,88423879166066E-07;
1760;176;5;300,976736166951;6,30364169112238;0,206820411977303;47,4314106744357;1,50488917354661;1,50488384472593;1,69220019330396E-07;
1770;177;5;300,9767462176;6,30364190389765;0,206820348929013;47,4313962151794;1,50488866399127;1,50488387827563;1,51973372553016E-07;
1780;178;5;300,976755243903;6,30364209498718;0,2068202923065;47,4313832295867;1,50488820636899;1,50488390840601;1,36484482382571E-07;
1790;179;5;300,976763350259;6,30364226660118;0,206820241454859;47,4313715674636;1,50488779538684;1,50488393546555;1,22574196126379E-07;
1800;180;5;300,976770630428;6,30364242072454;0,206820195785931;47,4313610939246;1,50488742629132;1,50488395976723;1,10081629145498E-07;
1810;181;5;300,976777168614;6,30364255913988;0,206820154771507;47,4313516878317;1,50488709481343;1,50488398159211;9,88622783637538E-08;
1820;182;5;300,976783040437;6,30364268344815;0,206820117937206;47,4313432403925;1,50488679711925;1,50488400119264;8,87863915721709E-08;
1830;183;5;300,976788313814;6,30364279508711;0,206820084856997;47,4313356539026;1,50488652976559;1,50488401879551;7,97374273275864E-08;
1840;184;5;300,976793049736;6,303642895348;0,206820055148271;47,4313288406157;1,5048862896602;1,50488403460431;7,16107013687406E-08;
1850;185;5;300,97679730298;6,30364298539046;0,206820028467408;47,4313227217276;1,50488607402596;1,50488404880191;6,43122461951862E-08;
1860;186;5;300,97680112274;6,30364306625592;0,20682000450582;47,4313172264677;1,50488588036885;1,50488406155252;5,77576440008443E-08;
1870;187;5;300,976804553196;6,3036431388797;0,206819982986357;47,4313122912756;1,50488570644896;1,50488407300359;5,18710674413114E-08;
1880;188;5;300,976807634025;6,30364320410178;0,206819963660125;47,4313078590705;1,50488555025471;1,50488408328761;4,65844642860702E-08;
1890;189;5;300,97681040086;6,30364326267653;0,206819946303591;47,4313038785888;1,50488540997954;1,50488409252347;4,18366354892896E-08;
1900;190;5;300,976812885705;6,30364331528142;0,206819930716009;47,4313003037916;1,50488528400101;1,50488410081805;3,75727182699848E-08;
1910;191;5;300,976815117297;6,3036433625249;0,206819916717088;47,4312970933321;1,504885170862;1,50488410826725;3,37433654351571E-08;
1920;192;5;300,976817121449;6,3036434049534;0,206819904144916;47,4312942100778;1,50488506925396;1,50488411495723;3,03042870797299E-08;
1930;193;5;300,976818921341;6,30364344305766;0,206819892854081;47,4312916206803;1,50488497800165;1,50488412096539;2,72157283376373E-08;
1940;194;5;300,976820537791;6,30364347727838;0,206819882713989;47,43128929519;1,50488489604963;1,5048841263612;2,44419364747728E-08;
1950;195;5;300,976821989494;6,30364350801138;0,206819873607359;47,43128720671;1,50488482245003;1,50488413120708;2,19508571319693E-08;
1960;196;5;300,976823293242;6,30364353561212;0,206819865428864;47,4312853310849;1,5048847563516;1,50488413555907;1,97136547086529E-08;
1970;197;5;300,976824464115;6,30364356039984;0,206819858083909;47,4312836466208;1,50488469698982;1,50488413946752;1,77044672255988E-08;
1980;198;5;300,976825515653;6,30364358266123;0,20681985148754;47,4312821338344;1,5048846436781;1,5048841429776;1,59000386190655E-08;
1990;199;5;300,976826460021;6,30364360265377;0,206819845563463;47,4312807752289;1,50488459579983;1,50488414612997;1,42795375523974E-08;
2000;200;5;300,97682730814;6,3036436206087;0,206819840243158;47,4312795550904;1,50488455280123;1,50488414896105;1,28241950392294E-08;
2010;201;0;298,062896164105;0;0;0;0;1,44627861916301;-0,0454821245769992;
2020;202;0;295,185711550387;0;0;0;0;1,43231953518232;-0,0450413431157486;
2030;203;0;292,336301300969;0;0;0;0;1,41849343932615;-0,0446065616199505;
2040;204;0;289,514396240536;0;0;0;0;1,40480080588716;-0,0441759771136709;
2050;205;0;286,71973086308;0;0;0;0;1,3912403466305;-0,0437495490142101;
2060;206;0;283,952042225549;0;0;0;0;1,3778107856866;-0,04332723720003;
2070;207;0;281,211069923066;0;0;0;0;1,36451085950179;-0,0429090019368452;
2080;208;0;278,496556064424;0;0;0;0;1,35133931671934;-0,0424948038739945;
2090;209;0;275,808245247827;0;0;0;0;1,3382949180619;-0,042084604040582;
2100;210;0;273,145884536857;0;0;0;0;1,32537643621472;-0,0416783638419442;
2110;211;0;270,509223436676;0;0;0;0;1,31258265571025;-0,0412760450559624;
2120;212;0;267,898013870459;0;0;0;0;1,2999123728138;-0,0408776098294812;
2130;213;0;265,31201015605;0;0;0;0;1,28736439541024;-0,0404830206747331;
2140;214;0;262,750968982849;0;0;0;0;1,27493754289189;-0,0400922404657837;
2150;215;0;260,21464938892;0;0;0;0;1,26263064604735;-0,0397052324351428;
2160;216;0;257,702812738318;0;0;0;0;1,25044254695162;-0,039321960170156;
2170;217;0;255,215222698635;0;0;0;0;1,23837209885701;-0,0389423876097279;
2180;218;0;252,751645218768;0;0;0;0;1,22641816608537;-0,0385664790408207;
2190;219;0;250,311848506894;0;0;0;0;1,21457962392115;-0,0381941990951447;
2200;220;0;247,895603008663;0;0;0;0;1,20285535850563;-0,0378255127458065;
2210;221;0;245,5026813856;0;0;0;0;1,19124426673213;-0,0374603853040263;
2220;222;0;243,132858493716;0;0;0;0;1,17974525614212;-0,037098782415903;
2230;223;0;240,785911362321;0;0;0;0;1,16835724482257;-0,0367406700591104;
2240;224;0;238,46161917305;0;0;0;0;1,15707916130408;-0,0363860145397634;
2250;225;0;236,159763239084;0;0;0;0;1,14590994446007;-0,0360347824892049;
2260;226;0;233,880126984574;0;0;0;0;1,13484854340696;-0,0356869408608986;
2270;227;0;231,622495924267;0;0;0;0;1,12389391740529;-0,0353424569272907;
2280;228;0;229,386657643321;0;0;0;0;1,11304503576179;-0,0350012982767609;
2290;229;0;227,172401777324;0;0;0;0;1,10230087773239;-0,0346634328105591;
2300;230;0;224,979519992499;0;0;0;0;1,09166043242625;-0,034328828739751;
2310;231;0;222,807805966101;0;0;0;0;1,08112269871056;-0,0339974545822876;
2320;232;0;220,657055367008;0;0;0;0;1,07068668511642;-0,0336692791600051;
2330;233;0;218,527065836494;0;0;0;0;1,06035140974547;-0,0333442715957091;
2340;234;0;216,417636969188;0;0;0;0;1,05011590017762;-0,0330224013102338;
2350;235;0;214,328570294224;0;0;0;0;1,03997919337943;-0,0327036380196386;
2360;236;0;212,259669256559;0;0;0;0;1,02994033561363;-0,0323879517322663;
2370;237;0;210,210739198488;0;0;0;0;1,01999838234926;-0,0320753127459881;
2380;238;0;208,181587341324;0;0;0;0;1,0101523981729;-0,0317656916453952;
2390;239;0;206,172022767259;0;0;0;0;1,00040145670061;-0,0314590592990012;
2400;240;0;204,181856401408;0;0;0;0;0,990744640490777;-0,0311553868565504;
2410;241;0;202,21090099401;0;0;0;0;0,981181040957784;-0,0308546457462686;
2420;242;0;200,258971102819;0;0;0;0;0,971709758286558;-0,0305568076721769;
2430;243;0;198,325883075649;0;0;0;0;0,962329901347898;-0,030261844611422;
2440;244;0;196,411455033099;0;0;0;0;0,953040587614605;-0,02996972881167;
2450;245;0;194,515506851438;0;0;0;0;0,943840943078427;-0,0296804327885116;
2460;246;0;192,637860145662;0;0;0;0;0,934730102167928;-0,0293939293227812;
2470;247;0;190,778338252702;0;0;0;0;0,925707207666942;-0,0291101914580949;
2480;248;0;188,936766214811;0;0;0;0;0,916771410633978;-0,0288291924982609;
2490;249;0;187,112970763098;0;0;0;0;0,907921870322304;-0,0285509060048064;
2500;250;0;185,306780301225;0;0;0;0;0,899157754100898;-0,0282753057944358;
2510;251;0;183,518024889265;0;0;0;0;0,890478237376034;-0,0280023659366435;
2520;252;0;181,74653622771;0;0;0;0;0,88188250351378;-0,0277320607511875;
2530;253;0;179,992147641637;0;0;0;0;0,873369743763123;-0,0274643648057182;
2540;254;0;178,254694065028;0;0;0;0;0,864939157179839;-0,0271992529134177;
2550;255;0;176,534012025235;0;0;0;0;0,856589950551203;-0,0269367001305643;
2560;256;0;174,829939627604;0;0;0;0;0,848321338321323;-0,0266766817542194;
2570;257;0;173,14231654024;0;0;0;0;0,840132542517215;-0,0264191733199155;
2580;258;0;171,47098397892;0;0;0;0;0,832022792675633;-0,0261641505993317;
2590;259;0;169,81578469216;0;0;0;0;0,823991325770566;-0,0259115895980191;
2600;260;0;168,176562946412;0;0;0;0;0,816037386141461;-0,0256614665531352;
2610;261;0;166,553164511415;0;0;0;0;0,808160225422092;-0,0254137579312381;
2620;262;0;164,945436645686;0;0;0;0;0,800359102470172;-0,0251684404260484;
2630;263;0;163,353228082143;0;0;0;0;0,79263328329762;-0,0249254909562584;
2640;264;0;161,77638901388;0;0;0;0;0,784982041001501;-0,0246848866633584;
2650;265;0;160,214771080064;0;0;0;0;0,777404655695632;-0,0244466049094942;
2660;266;0;158,668227351985;0;0;0;0;0,769900414442835;-0,0242106232753407;
2670;267;0;157,136612319224;0;0;0;0;0,762468611187894;-0,0239769195579704;
2680;268;0;155,619781875965;0;0;0;0;0,755108546691091;-0,0237454717687857;
2690;269;0;154,11759330744;0;0;0;0;0,747819528462428;-0,0235162581314459;
2700;270;0;152,629905276496;0;0;0;0;0,740600870696464;-0,0232892570798233;
2710;271;0;151,156577810299;0;0;0;0;0,733451894207811;-0,0230644472559547;
2720;272;0;149,697472287166;0;0;0;0;0,726371926367218;-0,0228418075080397;
2730;273;0;148,252451423519;0;0;0;0;0,719360301038277;-0,0226213168884666;
2740;274;0;146,821379260973;0;0;0;0;0,712416358514748;-0,0224029546518354;
2750;275;0;145,404121153538;0;0;0;0;0,705539445458513;-0,0221867002529832;
2760;276;0;144,000543754956;0;0;0;0;0,698728914838081;-0,0219725333450764;
2770;277;0;142,610515006153;0;0;0;0;0,691984125867711;-0,0217604337776951;
2780;278;0;141,233904122811;0;0;0;0;0,685304443947147;-0,0215503815949116;
2790;279;0;139,870581583068;0;0;0;0;0,678689240601868;-0,021342357033455;
2800;280;0;138,520419115326;0;0;0;0;0,67213789342401;-0,0211363405208003;
2810;281;0;137,183289686189;0;0;0;0;0,66564978601374;-0,0209323126733887;
2820;282;0;135,859067488502;0;0;0;0;0,659224307921319;-0,0207302542947465;
2830;283;0;134,547627929524;0;0;0;0;0,652860854589638;-0,0205301463737104;
2840;284;0;133,248847619197;0;0;0;0;0,646558827297356;-0,020331970082613;
2850;285;0;131,962604358541;0;0;0;0;0,640317633102525;-0,0201357067755614;
2860;286;0;130,688777128156;0;0;0;0;0,63413668478685;-0,0199413379866282;
2870;287;0;129,427246076834;0;0;0;0;0,628015400800416;-0,0197488454281434;
2880;288;0;128,177892510285;0;0;0;0;0,62195320520698;-0,0195582109889596;
2890;289;0;126,940598879967;0;0;0;0;0,615949527629769;-0,0193694167327632;
2900;290;0;125,715248772028;0;0;0;0;0,61000380319783;-0,0191824448963738;
2910;291;0;124,50172689635;0;0;0;0;0,604115472492854;-0,018997277888098;
2920;292;0;123,299919075707;0;0;0;0;0,59828398149661;-0,0188138982860107;
2930;293;0;122,109712235016;0;0;0;0;0,592508781538722;-0,0186322888364066;
2940;294;0;120,930994390703;0;0;0;0;0,586789329245139;-0,0184524324520901;
2950;295;0;119,763654640163;0;0;0;0;0,581125086486927;-0,0182743122108455;
2960;296;0;118,60758315133;0;0;0;0;0,575515520329718;-0,0180979113537694;
2970;297;0;117,462671152338;0;0;0;0;0,569960102983503;-0,0179232132837539;
2980;298;0;116,32881092129;0;0;0;0;0,564458311753005;-0,0177502015638966;
2990;299;0;115,205895776124;0;0;0;0;0,559009628988494;-0,0175788599159601;
3000;300;0;114,09382006457;0;0;0;0;0,553613542037085;-0,0174091722188372;
3010;301;0;112,992479154216;0;0;0;0;0,5482695431945;-0,017241122507035;
3020;302;0;111,901769422659;0;0;0;0;0,54297712965729;-0,017074694969188;
3030;303;0;110,821588247759;0;0;0;0;0,53773580347556;-0,0169098739465339;
3040;304;0;109,75183399798;0;0;0;0;0,532545071506078;-0,0167466439314827;
3050;305;0;108,692406022828;0;0;0;0;0,527404445365897;-0,016584989566133;
3060;306;0;107,643204643384;0;0;0;0;0,522313441386407;-0,0164248956408297;
3070;307;0;106,604131142924;0;0;0;0;0,517271580567819;-0,0162663470927367;
3080;308;0;105,575087757629;0;0;0;0;0,512278388534101;-0,0161093290044212;
3090;309;0;104,555977667391;0;0;0;0;0,507333395488345;-0,0159538266024448;
3100;310;0;103,546704986697;0;0;0;0;0,50243613616857;-0,0157998252559723;
3110;311;0;102,547174755615;0;0;0;0;0,497586149803933;-0,0156473104754076;
3120;312;0;101,557292930853;0;0;0;0;0,49278298007139;-0,0154962679110158;
3130;313;0;100,576966376915;0;0;0;0;0,48802617505275;-0,0153466833515861;
3140;314;0;99,6061028573348;0;0;0;0;0,483315287192171;-0,0151985427230779;
3150;315;0;98,6446110260014;0;0;0;0;0,478649873254039;-0,0150518320873099;
3160;316;0;97,692400418561;0;0;0;0;0,474029494281261;-0,0149065376406492;
3170;317;0;96,749381443907;0;0;0;0;0,469453715553975;-0,0147626457127057;
3180;318;0;95,8154653757509;0;0;0;0;0,464922106548644;-0,0146201427650503;
3190;319;0;94,8905643442735;0;0;0;0;0,460434240897545;-0,0144790153899415;
3200;320;0;93,9745913278579;0;0;0;0;0,455989696348671;-0,0143392503090487;
3210;321;0;93,0674601449017;0;0;0;0;0,451588054725972;-0,0142008343722351;
3220;322;0;92,1690854457085;0;0;0;0;0,447228901890046;-0,0140637545562807;
3230;323;0;91,2793827044573;0;0;0;0;0,442911827699125;-0,0139279979637053;
3240;324;0;90,3982682112501;0;0;0;0;0,438636425970541;-0,0137935518215047;
3250;325;0;89,5256590642353;0;0;0;0;0,434402294442476;-0,0136604034799763;
3260;326;0;88,6614731618083;0;0;0;0;0,430209034736119;-0,0135285404115306;
3270;327;0;87,8056291948863;0;0;0;0;0,426056252318186;-0,0133979502095025;
3280;328;0;86,9580466392582;0;0;0;0;0,421943556463804;-0,0132686205869845;
3290;329;0;86,1186457480085;0;0;0;0;0,417870560219744;-0,0131405393756756;
3300;330;0;85,2873475440139;0;0;0;0;0,413836880367996;-0,0130136945247488;
3310;331;0;84,4640738125126;0;0;0;0;0,409842137389768;-0,0128880740996706;
3320;332;0;83,6487470937452;0;0;0;0;0,405885955429707;-0,012763666281141;
3330;333;0;82,8412906756671;0;0;0;0;0,401967962260576;-0,0126404593639444;
3340;334;0;82,0416285867301;0;0;0;0;0,398087789248238;-0,0125184417558444;
3350;335;0;81,2496855887352;0;0;0;0;0,394245071316947;-0,0123976019765148;
3360;336;0;80,465387169753;0;0;0;0;0,390439446915024;-0,0122779286564372;
3370;337;0;79,6886595371138;0;0;0;0;0,386670557980808;-0,0121594105358609;
3380;338;0;78,9194296104638;0;0;0;0;0,382938049909007;-0,0120420364637033;
3390;339;0;78,1576250148896;0;0;0;0;0,3792415715173;-0,0119257953965368;
3400;340;0;77,4031740741087;0;0;0;0;0,375580775013312;-0,0118106763975314;
3410;341;0;76,6560058037254;0;0;0;0;0,371955315961889;-0,0116966686354258;
3420;342;0;75,9160499045524;0;0;0;0;0,368364853252684;-0,0115837613835192;
3430;343;0;75,1832367559959;0;0;0;0;0,364809049068076;-0,0114719440186493;
3440;344;0;74,4574974095059;0;0;0;0;0,361287568851366;-0,0113612060202049;
3450;345;0;73,7387635820886;0;0;0;0;0,357800081275328;-0,0112515369691177;
3460;346;0;73,026967649882;0;0;0;0;0,354346258210993;-0,0111429265469152;
3470;347;0;72,3220426417931;0;0;0;0;0,350925774696834;-0,0110353645346994;
3480;348;0;71,623922233197;0;0;0;0;0,347538308908133;-0,0109288408122392;
3490;349;0;70,9325407396964;0;0;0;0;0,344183542126728;-0,0108233453569904;
3500;350;0;70,2478331109417;0;0;0;0;0,340861158711044;-0,0107188682431381;
3510;351;0;69,5697349245105;0;0;0;0;0,337570846066358;-0,0106153996406988;
3520;352;0;68,8981823798461;0;0;0;0;0,334312294615407;-0,0105129298145759;
3530;353;0;68,2331122922549;0;0;0;0;0,331085197769269;-0,010411449123632;
3540;354;0;67,5744620869615;0;0;0;0;0,327889251898497;-0,0103109480198089;
3550;355;0;66,922169793221;0;0;0;0;0,324724156304567;-0,0102114170472065;
3560;356;0;66,2761740384885;0;0;0;0;0,321589613191574;-0,0101128468412104;
3570;357;0;65,6364140426446;0;0;0;0;0,318485327638225;-0,0100152281275938;
3580;358;0;65,0028296122768;0;0;0;0;0,315411007570086;-0,00991855172165446;
3590;359;0;64,3753611350161;0;0;0;0;0,312366363732089;-0,00982280852735906;
3600;360;0;63,7539495739283;0;0;0;0;0,309351109661343;-0,00972798953646548;
3610;361;0;63,1385364619589;0;0;0;0;0,306364961660158;-0,00963408582769265;
3620;362;0;62,5290638964328;0;0;0;0;0,303407638769362;-0,00954108856587865;
3630;363;0;61,9254745336057;0;0;0;0;0,300478862741865;-0,00944898900114399;
3640;364;0;61,3277115832694;0;0;0;0;0,297578358016481;-0,00935777846807229;
3650;365;0;60,7357188034079;0;0;0;0;0,294705851692003;-0,00926744838488958;
3660;366;0;60,1494404949062;0;0;0;0;0,291861073501513;-0,00917799025267163;
3670;367;0;59,5688214963097;0;0;0;0;0,289043755786978;-0,00908939565451927;
3680;368;0;58,9938071786339;0;0;0;0;0,286253633474041;-0,00900165625479366;
3690;369;0;58,4243434402246;0;0;0;0;0,283490444047093;-0,0089147637983169;
3700;370;0;57,8603767016679;0;0;0;0;0,280753927524578;-0,00882871010959274;
3710;371;0;57,3018539007487;0;0;0;0;0,278043826434523;-0,00874348709204709;
3720;372;0;56,7487224874583;0;0;0;0;0,275359885790323;-0,00865908672725535;
3730;373;0;56,2009304190501;0;0;0;0;0,272701853066728;-0,00857550107420835;
3740;374;0;55,6584261551432;0;0;0;0;0,270069478176119;-0,00849272226853293;
3750;375;0;55,1211586528728;0;0;0;0;0,267462513444946;-0,00841074252178187;
3760;376;0;54,5890773620881;0;0;0;0;0,264880713590436;-0,00832955412068914;
3770;377;0;54,0621322205956;0;0;0;0;0,262323835697523;-0,00824914942644117;
3780;378;0;53,5402736494494;0;0;0;0;0,259791639195987;-0,00816952087395606;
3790;379;0;53,0234525482862;0;0;0;0;0,257283885837808;-0,00809066097118949;
3800;380;0;52,5116202907056;0;0;0;0;0,254800339674766;-0,0080125622984113;
3810;381;0;52,0047287196951;0;0;0;0;0,252340767036239;-0,00793521750751003;
3820;382;0;51,5027301430987;0;0;0;0;0,249904936507208;-0,00785861932130949;
3830;383;0;51,0055773291302;0;0;0;0;0,247492618906492;-0,00778276053287863;
3840;384;0;50,513223501929;0;0;0;0;0,245103587265178;-0,00770763400485741;
3850;385;0;50,0256223371592;0;0;0;0;0,242737616805281;-0,00763323266877469;
3860;386;0;49,5427279576507;0;0;0;0;0,240394484918574;-0,00755954952439675;
3870;387;0;49,0644949290833;0;0;0;0;0,23807397114566;-0,00748657763906246;
3880;388;0;48,5908782557116;0;0;0;0;0,235775857155221;-0,0074143101470292;
3890;389;0;48,1218333761313;0;0;0;0;0,233499926723475;-0,00734274024883463;
3900;390;0;47,6573161590868;0;0;0;0;0,231245965713846;-0,00727186121063861;
3910;391;0;47,1972828993189;0;0;0;0;0,229013762056796;-0,00720166636361563;
3920;392;0;46,7416903134527;0;0;0;0;0,226803105729885;-0,00713214910330739;
3930;393;0;46,2904955359252;0;0;0;0;0,224613788738007;-0,00706330288900991;
3940;394;0;45,843656114952;0;0;0;0;0,222445605093821;-0,00699512124315405;
3950;395;0;45,4011300085334;0;0;0;0;0,220298350798367;-0,00692759775070328;
3960;396;0;44,9628755804987;0;0;0;0;0,218171823821882;-0,0068607260585356;
3970;397;0;44,5288515965885;0;0;0;0;0,216065824084773;-0,00679449987486924;
3980;398;0;44,0990172205754;0;0;0;0;0,213980153438816;-0,00672891296864186;
3990;399;0;43,6733320104217;0;0;0;0;0,211914615648489;-0,00666395916895102;
4000;400;0;43,2517559144743;0;0;0;0;0,209869016372529;-0,00659963236445327;
4010;401;0;42,8342492676963;0;0;0;0;0,207843163145632;-0,00653592650280199;
4020;402;0;42,420772787935;0;0;0;0;0,205836865360352;-0,00647283559007317;
4030;403;0;42,0112875722262;0;0;0;0;0,203849934249167;-0,00641035369019916;
4040;404;0;41,6057550931335;0;0;0;0;0,201882182866711;-0,00634847492441981;
4050;405;0;41,2041371951238;0;0;0;0;0,199933426072199;-0,00628719347071227;
4060;406;0;40,8063960909768;0;0;0;0;0,198003480511994;-0,00622650356325938;
4070;407;0;40,4124943582303;0;0;0;0;0,196092164602359;-0,00616639949190212;
4080;408;0;40,0223949356588;0;0;0;0;0,194199298512383;-0,0061068756015934;
4090;409;0;39,6360611197866;0;0;0;0;0,192324704147035;-0,00604792629189044;
4100;410;0;39,2534565614345;0;0;0;0;0,190468205130446;-0,00598954601639123;
4110;411;0;38,8745452622998;0;0;0;0;0,188629626789278;-0,00593172928224561;
4120;412;0;38,4992915715692;0;0;0;0;0,18680879613631;-0,00587447064962232;
4130;413;0;38,1276601825648;0;0;0;0;0,185005541854153;-0,00581776473120077;
4140;414;0;37,7596161294218;0;0;0;0;0,183219694279143;-0,00576160619166011;
4150;415;0;37,3951247837989;0;0;0;0;0,181451085385357;-0,00570598974718828;
4160;416;0;37,0341518516201;0;0;0;0;0,179699548768826;-0,00565091016497177;
4170;417;0;36,6766633698481;0;0;0;0;0,177964919631863;-0,00559636226271198;
4180;418;0;36,3226257032888;0;0;0;0;0,176247034767569;-0,00554234090813233;
4190;419;0;35,9720055414267;0;0;0;0;0,174545732544467;-0,00548884101849922;
4200;420;0;35,6247698952906;0;0;0;0;0,1728608528913;-0,00543585756014187;
4210;421;0;35,2808860943501;0;0;0;0;0,171192237281969;-0,00538338554798257;
4220;422;0;34,9403217834413;0;0;0;0;0,169539728720622;-0,00533142004505716;
4230;423;0;34,6030449197228;0;0;0;0;0,167903171726871;-0,005279956162066;
4240;424;0;34,269023769661;0;0;0;0;0,166282412321179;-0,00522898905689839;
4250;425;0;33,9382269060442;0;0;0;0;0,164677298010361;-0,00517851393418756;
4260;426;0;33,6106232050256;0;0;0;0;0,163087677773238;-0,00512852604485836;
4270;427;0;33,2861818431952;0;0;0;0;0,161513402046431;-0,00507902068567434;
4280;428;0;32,9648722946794;0;0;0;0;0,159954322710288;-0,00502999319880071;
4290;429;0;32,6466643282691;0;0;0;0;0,158410293074948;-0,00498143897136338;
4300;430;0;32,3315280045755;0;0;0;0;0,156881167866537;-0,00493335343501733;
4310;431;0;32,0194336732125;0;0;0;0;0,155366803213502;-0,00488573206551557;
4320;432;0;31,710351970008;0;0;0;0;0,153867056633073;-0,00483857038228153;
4330;433;0;31,4042538142399;0;0;0;0;0,152381787017858;-0,00479186394799203;
4340;434;0;31,1011104059012;0;0;0;0;0,150910854622565;-0,00474560836815696;
4350;435;0;30,8008932229892;0;0;0;0;0,149454121050859;-0,0046997992907023;
4360;436;0;30,5035740188226;0;0;0;0;0,148011449242333;-0,0046544324055684;
4370;437;0;30,2091248193837;0;0;0;0;0,146582703459615;-0,00460950344429967;
4380;438;0;29,9175179206862;0;0;0;0;0,145167749275603;-0,00456500817964089;
4390;439;0;29,6287258861689;0;0;0;0;0,143766453560806;-0,00452094242514689;
4400;440;0;29,342721544114;0;0;0;0;0,142378684470828;-0,00447730203477947;
4410;441;0;29,0594779850907;0;0;0;0;0,14100431143396;-0,00443408290252378;
4420;442;0;28,7789685594233;0;0;0;0;0,13964320513889;-0,00439128096200059;
4430;443;0;28,5011668746839;0;0;0;0;0,138295237522541;-0,00434889218608392;
4440;444;0;28,2260467932093;0;0;0;0;0,136960281758028;-0,00430691258651605;
4450;445;0;27,9535824296414;0;0;0;0;0,135638212242708;-0,0042653382135478;
4460;446;0;27,683748148492;0;0;0;0;0,13432890458638;-0,00422416515554747;
4470;447;0;27,4165185617307;0;0;0;0;0,133032235599574;-0,0041833895386445;
4480;448;0;27,1518685263964;0;0;0;0;0,131748083281958;-0,00414300752636443;
4490;449;0;26,8897731422314;0;0;0;0;0,130476326810862;-0,00410301531926649;
4500;450;0;26,6302077493388;0;0;0;0;0,129216846529913;-0,00406340915458125;
4510;451;0;26,3731479258622;0;0;0;0;0,127969523937771;-0,00402418530586757;
4520;452;0;26,1185694856879;0;0;0;0;0,126734241676983;-0,00398534008265017;
4530;453;0;25,8664484761693;0;0;0;0;0,125510883522943;-0,0039468698300793;
4540;454;0;25,6167611758734;0;0;0;0;0,124299334372953;-0,00390877092858433;
4550;455;0;25,3694840923487;0;0;0;0;0,12309948023539;-0,00387103979353864;
4560;456;0;25,1245939599151;0;0;0;0;0,121911208218994;-0,00383367287490999;
4570;457;0;24,8820677374744;0;0;0;0;0,12073440652223;-0,00379666665694267;
4580;458;0;24,6418826063431;0;0;0;0;0,119568964422781;-0,0037600176578132;
4590;459;0;24,4040159681049;0;0;0;0;0,118414772267124;-0,00372372242930852;
4600;460;0;24,1684454424849;0;0;0;0;0,117271721460216;-0,00368777755650229;
4610;461;0;23,9351488652435;0;0;0;0;0,116139704455274;-0,00365217965743248;
4620;462;0;23,7041042860911;0;0;0;0;0,115018614743661;-0,00361692538277958;
4630;463;0;23,4752899666232;0;0;0;0;0,113908346844858;-0,00358201141556025;
4640;464;0;23,2486843782747;0;0;0;0;0,112808796296547;-0,00354743447080419;
4650;465;0;23,0242662002944;0;0;0;0;0,111719859644773;-0,00351319129525507;
4660;466;0;22,8020143177392;0;0;0;0;0,110641434434221;-0,00347927866705944;
4670;467;0;22,5819078194872;0;0;0;0;0,10957341919857;-0,0034456933954603;
4680;468;0;22,3639259962704;0;0;0;0;0,108515713450945;-0,0034124323205067;
4690;469;0;22,1480483387261;0;0;0;0;0,107468217674468;-0,00337949231274526;
4700;470;0;21,9342545354673;0;0;0;0;0,106430833312889;-0,00334687027293579;
4710;471;0;21,7225244711715;0;0;0;0;0,105403462761319;-0,00331456313174949;
4720;472;0;21,5128382246883;0;0;0;0;0,104386009357039;-0,00328256784949121;
4730;473;0;21,3051760671651;0;0;0;0;0,103378377370413;-0,00325088141580299;
4740;474;0;21,0995184601905;0;0;0;0;0,102380471995874;-0,0032195008493896;
4750;475;0;20,8958460539566;0;0;0;0;0,101392199343012;-0,00318842319773083;
4760;476;0;20,6941396854376;0;0;0;0;0,100413466427732;-0,00315764553680964;
4770;477;0;20,4943803765876;0;0;0;0;0,0994441811635109;-0,00312716497083176;
4780;478;0;20,2965493325546;0;0;0;0;0,09848425235273;-0,00309697863195857;
4790;479;0;20,100627939912;0;0;0;0;0,0975335896780971;-0,00306708368003261;
4800;480;0;19,9065977649078;0;0;0;0;0,0965921036941458;-0,00303747730231385;
4810;481;0;19,7144405517297;0;0;0;0;0,0956597058188246;-0,00300815671321053;
4820;482;0;19,5241382207877;0;0;0;0;0,0947363083251554;-0,00297911915402405;
4830;483;0;19,3356728670132;0;0;0;0;0,0938218243329874;-0,00295036189268116;
4840;484;0;19,1490267581739;0;0;0;0;0,092916167800816;-0,00292188222348422;
4850;485;0;18,9641823332059;0;0;0;0;0,0920192535176888;-0,00289367746685465;
4860;486;0;18,7811222005611;0;0;0;0;0,0911309970951944;-0,00286574496907521;
4870;487;0;18,599829136571;0;0;0;0;0,0902513149595148;-0,0028380821020475;
4880;488;0;18,4202860838263;0;0;0;0;0,0893801243435646;-0,00281068626304282;
4890;489;0;18,2424761495717;0;0;0;0;0,0885173432792058;-0,0027835548744547;
4900;490;0;18,0663826041166;0;0;0;0;0,0876628905895323;-0,00275668538355978;
4910;491;0;17,8919888792614;0;0;0;0;0,0868166858812363;-0,00273007526227365;
4920;492;0;17,7192785667381;0;0;0;0;0,0859786495370397;-0,00270372200691771;
4930;493;0;17,5482354166669;0;0;0;0;0,0851487027082057;-0,00267762313798037;
4940;494;0;17,3788433360269;0;0;0;0;0,0843267673071208;-0,00265177619988388;
4950;495;0;17,2110863871425;0;0;0;0;0,0835127659999449;-0,00262617876075555;
4960;496;0;17,0449487861833;0;0;0;0;0,0827066221993393;-0,00260082841219522;
4970;497;0;16,8804149016794;0;0;0;0;0,081908260057255;-0,00257572276905416;
4980;498;0;16,7174692530505;0;0;0;0;0,0811176044578019;-0,00255085946920486;
4990;499;0;16,5560965091495;0;0;0;0;0,0803345810101804;-0,0025262361733206;
5000;500;0;16,3962814868199;0;0;0;0;0,0795591160416779;-0,00250185056465857;
5010;501;0;16,2380091494672;0;0;0;0;0,078791136590743;-0,00247770034883676;
5020;502;0;16,0812646056445;0;0;0;0;0,078030570400115;-0,00245378325362344;
5030;503;0;15,926033107651;0;0;0;0;0,0772773459100309;-0,00243009702871799;
5040;504;0;15,7723000501447;0;0;0;0;0,0765313922514885;-0,00240663944554309;
5050;505;0;15,6200509687678;0;0;0;0;0,0757926392395796;-0,00238340829703421;
5060;506;0;15,4692715387866;0;0;0;0;0,0750610173668867;-0,00236040139743143;
5070;507;0;15,3199475737428;0;0;0;0;0,0743364577969459;-0,00233761658207132;
5080;508;0;15,1720650241192;0;0;0;0;0,0736188923577637;-0,00231505170718971;
5090;509;0;15,0256099760179;0;0;0;0;0,0729082535354096;-0,00229270464971321;
5100;510;0;14,8805686498511;0;0;0;0;0,0722044744676605;-0,00227057330706304;
5110;511;0;14,7369273990442;0;0;0;0;0,0715074889377093;-0,00224865559695753;
5120;512;0;14,5946727087525;0;0;0;0;0,0708172313679373;-0,00222694945721358;
5130;513;0;14,4537911945891;0;0;0;0;0,070133636813742;-0,00220545284555518;
5140;514;0;14,314269601366;0;0;0;0;0,0694566409574262;-0,00218416373942121;
5150;515;0;14,1760948018467;0;0;0;0;0,0687861801021508;-0,00216308013577093;
5160;516;0;14,0392537955109;0;0;0;0;0,0681221911659351;-0,00214220005090249;
5170;517;0;13,9037337073318;0;0;0;0;0,0674646116757261;-0,00212152152026135;
5180;518;0;13,7695217865645;0;0;0;0;0,066813379761521;-0,0021010425982555;
5190;519;0;13,636605405546;0;0;0;0;0,0661684341505428;-0,00208076135807489;
5200;520;0;13,5049720585077;0;0;0;0;0,0655297141614782;-0,00206067589150793;
5210;521;0;13,3746093603984;0;0;0;0;0,0648971596987648;-0,00204078430876498;
5220;522;0;13,2455050457188;0;0;0;0;0,0642707112469419;-0,00202108473829576;
5230;523;0;13,1176469673681;0;0;0;0;0,0636503098650463;-0,0020015753266176;
5240;524;0;12,9910230955005;0;0;0;0;0,0630358971810687;-0,00198225423813914;
5250;525;0;12,8656215163936;0;0;0;0;0,0624274153864621;-0,00196311965498719;
5260;526;0;12,7414304313277;0;0;0;0;0,0618248072307018;-0,00194416977683654;
5270;527;0;12,6184381554752;0;0;0;0;0,0612280160158986;-0,00192540282074072;
5280;528;0;12,4966331168015;0;0;0;0;0,060636985591464;-0,00190681702096485;
5290;529;0;12,3760038549762;0;0;0;0;0,0600516603488293;-0,00188841062881706;
5300;530;0;12,2565390202948;0;0;0;0;0,0594719852162109;-0,00187018191248634;
5310;531;0;12,1382273726108;0;0;0;0;0,0588979056534307;-0,00185212915687827;
5320;532;0;12,0210577802782;0;0;0;0;0,0583293676467839;-0,00183425066345388;
5330;533;0;11,9050192191041;0;0;0;0;0,057766317703955;-0,00181654475007176;
5340;534;0;11,7901007713115;0;0;0;0;0,0572087028489884;-0,00179900975082647;
5350;535;0;11,676291624512;0;0;0;0;0,0566564706173021;-0,00178164401589376;
5360;536;0;11,5635810706887;0;0;0;0;0,056109569050751;-0,00176444591137526;
5370;537;0;11,4519585051883;0;0;0;0;0,0555679466927399;-0,00174741381914401;
5380;538;0;11,3414134257239;0;0;0;0;0,0550315525833792;-0,00173054613669421;
5390;539;0;11,2319354313862;0;0;0;0;0,054500336254694;-0,00171384127698737;
5400;540;0;11,1235142216657;0;0;0;0;0,0539742477258728;-0,0016972976683054;
5410;541;0;11,0161395954827;0;0;0;0;0,0534532374985665;-0,0016809137541014;
5420;542;0;10,9098014502281;0;0;0;0;0,0529372565522301;-0,00166468799285413;
5430;543;0;10,8044897808127;0;0;0;0;0,052426256339512;-0,00164861885792178;
5440;544;0;10,7001946787259;0;0;0;0;0,0519201887816829;-0,00163270483740141;
5450;545;0;10,5969063311032;0;0;0;0;0,0514190062641184;-0,00161694443398075;
5460;546;0;10,4946150198032;0;0;0;0;0,0509226616318109;-0,00160133616480529;
5470;547;0;10,3933111204931;0;0;0;0;0,050431108184942;-0,00158587856132975;
5480;548;0;10,2929851017433;0;0;0;0;0,0499442996744795;-0,00157057016918882;
5490;549;0;10,1936275241304;0;0;0;0;0,0494621902978342;-0,00155540954805267;
5500;550;0;10,0952290393494;0;0;0;0;0,0489847346945431;-0,00154039527149796;
5510;551;0;9,99778038933366;0;0;0;0;0,0485118879420069;-0,00152552592686905;
5520;552;0;9,90127240538434;0;0;0;0;0,0480436055512622;-0,00151080011514571;
5530;553;0;9,80569600730741;0;0;0;0;0,047579843462794;-0,00149621645081321;
5540;554;0;9,71104220255944;0;0;0;0;0,0471205580423903;-0,00148177356173218;
5550;555;0;9,61730208540147;0;0;0;0;0,0466657060770391;-0,00146747008900694;
5560;556;0;9,52446683606115;0;0;0;0;0,0462152447708601;-0,00145330468686;
5570;557;0;9,43252771990282;0;0;0;0;0,0457691317410806;-0,00143927602250299;
5580;558;0;9,34147608660579;0;0;0;0;0,0453273250140437;-0,00142538277601556;
5590;559;0;9,25130336935038;0;0;0;0;0,0448897830212641;-0,00141162364021635;
5600;560;0;9,16200108401192;0;0;0;0;0,0444564645955134;-0,00139799732054291;
5610;561;0;9,07356082836249;0;0;0;0;0,0440273289669494;-0,00138450253492811;
5620;562;0;8,9859742812804;0;0;0;0;0,0436023357592762;-0,00137113801368294;
5630;563;0;8,89923320196724;0;0;0;0;0,0431814449859502;-0,00135790249937257;
5640;564;0;8,81332942917253;0;0;0;0;0,042764617046415;-0,0013447947467003;
5650;565;0;8,72825488042589;0;0;0;0;0,0423518127223753;-0,00133181352239115;
5660;566;0;8,64400155127652;0;0;0;0;0,0419429931741092;-0,00131895760507328;
5670;567;0;8,56056151454012;0;0;0;0;0,0415381199368102;-0,00130622578516709;
5680;568;0;8,47792691955304;0;0;0;0;0,0411371549169718;-0,00129361686476698;
5690;569;0;8,39608999143361;0;0;0;0;0,040740060388802;-0,00128112965753108;
5700;570;0;8,31504303035066;0;0;0;0;0,040346798990673;-0,00126876298856937;
5710;571;0;8,23477841079899;0;0;0;0;0,0399573337216068;-0,0012565156943331;
5720;572;0;8,155288580882;0;0;0;0;0,0395716279377935;-0,0012443866225052;
5730;573;0;8,07656606160107;0;0;0;0;0,0391896453491437;-0,00123237463189185;
5740;574;0;7,99860344615193;0;0;0;0;0,0388113500158746;-0,00122047859231478;
5750;575;0;7,92139339922774;0;0;0;0;0,0384367063451274;-0,00120869738450563;
5760;576;0;7,84492865632896;0;0;0;0;0,0380656790876196;-0,00119702989999992;
5770;577;0;7,76920202307982;0;0;0;0;0,0376982333343272;-0,00118547504103378;
5780;578;0;7,69420637455144;0;0;0;0;0,0373343345132023;-0,00117403172043867;
5790;579;0;7,61993465459146;0;0;0;0;0,036973948385917;-0,00116269886154219;
5800;580;0;7,54637987516015;0;0;0;0;0,0366170410446459;-0,00115147539806343;
5810;581;0;7,47353511567289;0;0;0;0;0,0362635789088722;-0,00114036027401543;
5820;582;0;7,40139352234909;0;0;0;0;0,0359135287222314;-0,00112935244360324;
5830;583;0;7,32994830756727;0;0;0;0;0,0355668575493793;-0,0011184508711285;
5840;584;0;7,25919274922646;0;0;0;0;0,0352235327728953;-0,00110765453088951;
5850;585;0;7,18912019011377;0;0;0;0;0,034883522090213;-0,00109696240708551;
5860;586;0;7,11972403727794;0;0;0;0;0,0345467935105806;-0,00108637349372137;
5870;587;0;7,05099776140913;0;0;0;0;0,0342133153520511;-0,0010758867945127;
5880;588;0;6,9829348962245;0;0;0;0;0,0338830562385007;-0,00106550132279309;
5890;589;0;6,91552903785988;0;0;0;0;0,0335559850966795;-0,00105521610141834;
5900;590;0;6,84877384426723;0;0;0;0;0,0332320711532839;-0,00104503016267854;
5910;591;0;6,7826630346179;0;0;0;0;0,0329112839320635;-0,00103494254820446;
5920;592;0;6,71719038871173;0;0;0;0;0,0325935932509544;-0,00102495230887717;
5930;593;0;6,65234974639177;0;0;0;0;0,0322789692192373;-0,00101505850474054;
5940;594;0;6,58813500696471;0;0;0;0;0,0319673822347271;-0,00100526020491087;
5950;595;0;6,52454012862687;0;0;0;0;0,0316588029809856;-0,000995556487491445;
5960;596;0;6,46155912789575;0;0;0;0;0,0313532024245658;-0,000985946439483409;
5970;597;0;6,39918607904705;0;0;0;0;0,0310505518122781;-0,000976429156701542;
5980;598;0;6,33741511355713;0;0;0;0;0,0307508226684861;-0,000967003743688466;
5990;599;0;6,27624041955086;0;0;0;0;0,0304539867924262;-0,000957669313631226;
